	
00:00	kyehtnubáloh
	
00:01	miinuut paijeel kyehtnubáloh
00:01	ohtâ paijeel kyehtnubáloh
	
00:02	kyehti paijeel kyehtnubáloh
	
00:03	kulmâ paijeel kyehtnubáloh
	
00:04	nelji paijeel kyehtnubáloh
	
00:05	vittâ paijeel kyehtnubáloh
	
00:06	kuttâ paijeel kyehtnubáloh
	
00:07	čiččâm paijeel kyehtnubáloh
	
00:08	käävci paijeel kyehtnubáloh
	
00:09	oovce paijeel kyehtnubáloh
	
00:10	love paijeel kyehtnubáloh
	
00:11	ohtnubáloh paijeel kyehtnubáloh
	
00:12	kyehtnubáloh paijeel kyehtnubáloh
	
00:13	kulmânubáloh paijeel kyehtnubáloh
	
00:14	neljinubáloh paijeel kyehtnubáloh
	
00:15	vaartâ paijeel kyehtnubáloh
	
00:16	kuttnubáloh paijeel kyehtnubáloh
	
00:17	čiččâmnubáloh paijeel kyehtnubáloh
	
00:18	käävcinubáloh paijeel kyehtnubáloh
	
00:19	oovcenubáloh paijeel kyehtnubáloh
	
00:20	love vááijuv pel ohtâ
	
00:21	oovce vááijuv pel ohtâ
	
00:22	käävci vááijuv pel ohtâ
	
00:23	čiččâm vááijuv pel ohtâ
	
00:24	kuttâ vááijuv pel ohtâ
	
00:25	vittâ vááijuv pel ohtâ
	
00:26	nelji vááijuv pel ohtâ
	
00:27	kulmâ vááijuv pel ohtâ
	
00:28	kyehti vááijuv pel ohtâ
	
00:29	miinuut vááijuv pel ohtâ
00:29	ohtâ vááijuv pel ohtâ
	
00:30	pel ohtâ
	
00:31	miinuut paijeel pel ohtâ
00:31	ohtâ paijeel pel ohtâ
	
00:32	kyehti paijeel pel ohtâ
	
00:33	kulmâ paijeel pel ohtâ
	
00:34	nelji paijeel pel ohtâ
	
00:35	vittâ paijeel pel ohtâ
	
00:36	kuttâ paijeel pel ohtâ
	
00:37	čiččâm paijeel pel ohtâ
	
00:38	käävci paijeel pel ohtâ
	
00:39	oovce paijeel pel ohtâ
	
00:40	love paijeel pel ohtâ
	
00:41	oovcenubáloh vááijuv ohtâ
	
00:42	käävcinubáloh vááijuv ohtâ
	
00:43	čiččâmnubáloh vááijuv ohtâ
	
00:44	kuttnubáloh vááijuv ohtâ
	
00:45	vaartâ vááijuv ohtâ
	
00:46	neljinubáloh vááijuv ohtâ
	
00:47	kulmânubáloh vááijuv ohtâ
	
00:48	kyehtnubáloh vááijuv ohtâ
	
00:49	ohtnubáloh vááijuv ohtâ
	
00:50	love vááijuv ohtâ
	
00:51	oovce vááijuv ohtâ
	
00:52	käävci vááijuv ohtâ
	
00:53	čiččâm vááijuv ohtâ
	
00:54	kuttâ vááijuv ohtâ
	
00:55	vittâ vááijuv ohtâ
	
00:56	nelji vááijuv ohtâ
	
00:57	kulmâ vááijuv ohtâ
	
00:58	kyehti vááijuv ohtâ
	
00:59	miinuut vááijuv ohtâ
00:59	ohtâ vááijuv ohtâ
	
01:00	ohtâ
	
01:01	miinuut paijeel ohtâ
01:01	ohtâ paijeel ohtâ
	
01:02	kyehti paijeel ohtâ
	
01:03	kulmâ paijeel ohtâ
	
01:04	nelji paijeel ohtâ
	
01:05	vittâ paijeel ohtâ
	
01:06	kuttâ paijeel ohtâ
	
01:07	čiččâm paijeel ohtâ
	
01:08	käävci paijeel ohtâ
	
01:09	oovce paijeel ohtâ
	
01:10	love paijeel ohtâ
	
01:11	ohtnubáloh paijeel ohtâ
	
01:12	kyehtnubáloh paijeel ohtâ
	
01:13	kulmânubáloh paijeel ohtâ
	
01:14	neljinubáloh paijeel ohtâ
	
01:15	vaartâ paijeel ohtâ
	
01:16	kuttnubáloh paijeel ohtâ
	
01:17	čiččâmnubáloh paijeel ohtâ
	
01:18	käävcinubáloh paijeel ohtâ
	
01:19	oovcenubáloh paijeel ohtâ
	
01:20	love vááijuv pel kyehti
	
01:21	oovce vááijuv pel kyehti
	
01:22	käävci vááijuv pel kyehti
	
01:23	čiččâm vááijuv pel kyehti
	
01:24	kuttâ vááijuv pel kyehti
	
01:25	vittâ vááijuv pel kyehti
	
01:26	nelji vááijuv pel kyehti
	
01:27	kulmâ vááijuv pel kyehti
	
01:28	kyehti vááijuv pel kyehti
	
01:29	miinuut vááijuv pel kyehti
01:29	ohtâ vááijuv pel kyehti
	
01:30	pel kyehti
	
01:31	miinuut paijeel pel kyehti
01:31	ohtâ paijeel pel kyehti
	
01:32	kyehti paijeel pel kyehti
	
01:33	kulmâ paijeel pel kyehti
	
01:34	nelji paijeel pel kyehti
	
01:35	vittâ paijeel pel kyehti
	
01:36	kuttâ paijeel pel kyehti
	
01:37	čiččâm paijeel pel kyehti
	
01:38	käävci paijeel pel kyehti
	
01:39	oovce paijeel pel kyehti
	
01:40	love paijeel pel kyehti
	
01:41	oovcenubáloh vááijuv kyehti
	
01:42	käävcinubáloh vááijuv kyehti
	
01:43	čiččâmnubáloh vááijuv kyehti
	
01:44	kuttnubáloh vááijuv kyehti
	
01:45	vaartâ vááijuv kyehti
	
01:46	neljinubáloh vááijuv kyehti
	
01:47	kulmânubáloh vááijuv kyehti
	
01:48	kyehtnubáloh vááijuv kyehti
	
01:49	ohtnubáloh vááijuv kyehti
	
01:50	love vááijuv kyehti
	
01:51	oovce vááijuv kyehti
	
01:52	käävci vááijuv kyehti
	
01:53	čiččâm vááijuv kyehti
	
01:54	kuttâ vááijuv kyehti
	
01:55	vittâ vááijuv kyehti
	
01:56	nelji vááijuv kyehti
	
01:57	kulmâ vááijuv kyehti
	
01:58	kyehti vááijuv kyehti
	
01:59	miinuut vááijuv kyehti
01:59	ohtâ vááijuv kyehti
	
02:00	kyehti
	
02:01	miinuut paijeel kyehti
02:01	ohtâ paijeel kyehti
	
02:02	kyehti paijeel kyehti
	
02:03	kulmâ paijeel kyehti
	
02:04	nelji paijeel kyehti
	
02:05	vittâ paijeel kyehti
	
02:06	kuttâ paijeel kyehti
	
02:07	čiččâm paijeel kyehti
	
02:08	käävci paijeel kyehti
	
02:09	oovce paijeel kyehti
	
02:10	love paijeel kyehti
	
02:11	ohtnubáloh paijeel kyehti
	
02:12	kyehtnubáloh paijeel kyehti
	
02:13	kulmânubáloh paijeel kyehti
	
02:14	neljinubáloh paijeel kyehti
	
02:15	vaartâ paijeel kyehti
	
02:16	kuttnubáloh paijeel kyehti
	
02:17	čiččâmnubáloh paijeel kyehti
	
02:18	käävcinubáloh paijeel kyehti
	
02:19	oovcenubáloh paijeel kyehti
	
02:20	love vááijuv pel kulmâ
	
02:21	oovce vááijuv pel kulmâ
	
02:22	käävci vááijuv pel kulmâ
	
02:23	čiččâm vááijuv pel kulmâ
	
02:24	kuttâ vááijuv pel kulmâ
	
02:25	vittâ vááijuv pel kulmâ
	
02:26	nelji vááijuv pel kulmâ
	
02:27	kulmâ vááijuv pel kulmâ
	
02:28	kyehti vááijuv pel kulmâ
	
02:29	miinuut vááijuv pel kulmâ
02:29	ohtâ vááijuv pel kulmâ
	
02:30	pel kulmâ
	
02:31	miinuut paijeel pel kulmâ
02:31	ohtâ paijeel pel kulmâ
	
02:32	kyehti paijeel pel kulmâ
	
02:33	kulmâ paijeel pel kulmâ
	
02:34	nelji paijeel pel kulmâ
	
02:35	vittâ paijeel pel kulmâ
	
02:36	kuttâ paijeel pel kulmâ
	
02:37	čiččâm paijeel pel kulmâ
	
02:38	käävci paijeel pel kulmâ
	
02:39	oovce paijeel pel kulmâ
	
02:40	love paijeel pel kulmâ
	
02:41	oovcenubáloh vááijuv kulmâ
	
02:42	käävcinubáloh vááijuv kulmâ
	
02:43	čiččâmnubáloh vááijuv kulmâ
	
02:44	kuttnubáloh vááijuv kulmâ
	
02:45	vaartâ vááijuv kulmâ
	
02:46	neljinubáloh vááijuv kulmâ
	
02:47	kulmânubáloh vááijuv kulmâ
	
02:48	kyehtnubáloh vááijuv kulmâ
	
02:49	ohtnubáloh vááijuv kulmâ
	
02:50	love vááijuv kulmâ
	
02:51	oovce vááijuv kulmâ
	
02:52	käävci vááijuv kulmâ
	
02:53	čiččâm vááijuv kulmâ
	
02:54	kuttâ vááijuv kulmâ
	
02:55	vittâ vááijuv kulmâ
	
02:56	nelji vááijuv kulmâ
	
02:57	kulmâ vááijuv kulmâ
	
02:58	kyehti vááijuv kulmâ
	
02:59	miinuut vááijuv kulmâ
02:59	ohtâ vááijuv kulmâ
	
03:00	kulmâ
	
03:01	miinuut paijeel kulmâ
03:01	ohtâ paijeel kulmâ
	
03:02	kyehti paijeel kulmâ
	
03:03	kulmâ paijeel kulmâ
	
03:04	nelji paijeel kulmâ
	
03:05	vittâ paijeel kulmâ
	
03:06	kuttâ paijeel kulmâ
	
03:07	čiččâm paijeel kulmâ
	
03:08	käävci paijeel kulmâ
	
03:09	oovce paijeel kulmâ
	
03:10	love paijeel kulmâ
	
03:11	ohtnubáloh paijeel kulmâ
	
03:12	kyehtnubáloh paijeel kulmâ
	
03:13	kulmânubáloh paijeel kulmâ
	
03:14	neljinubáloh paijeel kulmâ
	
03:15	vaartâ paijeel kulmâ
	
03:16	kuttnubáloh paijeel kulmâ
	
03:17	čiččâmnubáloh paijeel kulmâ
	
03:18	käävcinubáloh paijeel kulmâ
	
03:19	oovcenubáloh paijeel kulmâ
	
03:20	love vááijuv pel nelji
	
03:21	oovce vááijuv pel nelji
	
03:22	käävci vááijuv pel nelji
	
03:23	čiččâm vááijuv pel nelji
	
03:24	kuttâ vááijuv pel nelji
	
03:25	vittâ vááijuv pel nelji
	
03:26	nelji vááijuv pel nelji
	
03:27	kulmâ vááijuv pel nelji
	
03:28	kyehti vááijuv pel nelji
	
03:29	miinuut vááijuv pel nelji
03:29	ohtâ vááijuv pel nelji
	
03:30	pel nelji
	
03:31	miinuut paijeel pel nelji
03:31	ohtâ paijeel pel nelji
	
03:32	kyehti paijeel pel nelji
	
03:33	kulmâ paijeel pel nelji
	
03:34	nelji paijeel pel nelji
	
03:35	vittâ paijeel pel nelji
	
03:36	kuttâ paijeel pel nelji
	
03:37	čiččâm paijeel pel nelji
	
03:38	käävci paijeel pel nelji
	
03:39	oovce paijeel pel nelji
	
03:40	love paijeel pel nelji
	
03:41	oovcenubáloh vááijuv nelji
	
03:42	käävcinubáloh vááijuv nelji
	
03:43	čiččâmnubáloh vááijuv nelji
	
03:44	kuttnubáloh vááijuv nelji
	
03:45	vaartâ vááijuv nelji
	
03:46	neljinubáloh vááijuv nelji
	
03:47	kulmânubáloh vááijuv nelji
	
03:48	kyehtnubáloh vááijuv nelji
	
03:49	ohtnubáloh vááijuv nelji
	
03:50	love vááijuv nelji
	
03:51	oovce vááijuv nelji
	
03:52	käävci vááijuv nelji
	
03:53	čiččâm vááijuv nelji
	
03:54	kuttâ vááijuv nelji
	
03:55	vittâ vááijuv nelji
	
03:56	nelji vááijuv nelji
	
03:57	kulmâ vááijuv nelji
	
03:58	kyehti vááijuv nelji
	
03:59	miinuut vááijuv nelji
03:59	ohtâ vááijuv nelji
	
04:00	nelji
	
04:01	miinuut paijeel nelji
04:01	ohtâ paijeel nelji
	
04:02	kyehti paijeel nelji
	
04:03	kulmâ paijeel nelji
	
04:04	nelji paijeel nelji
	
04:05	vittâ paijeel nelji
	
04:06	kuttâ paijeel nelji
	
04:07	čiččâm paijeel nelji
	
04:08	käävci paijeel nelji
	
04:09	oovce paijeel nelji
	
04:10	love paijeel nelji
	
04:11	ohtnubáloh paijeel nelji
	
04:12	kyehtnubáloh paijeel nelji
	
04:13	kulmânubáloh paijeel nelji
	
04:14	neljinubáloh paijeel nelji
	
04:15	vaartâ paijeel nelji
	
04:16	kuttnubáloh paijeel nelji
	
04:17	čiččâmnubáloh paijeel nelji
	
04:18	käävcinubáloh paijeel nelji
	
04:19	oovcenubáloh paijeel nelji
	
04:20	love vááijuv pel vittâ
	
04:21	oovce vááijuv pel vittâ
	
04:22	käävci vááijuv pel vittâ
	
04:23	čiččâm vááijuv pel vittâ
	
04:24	kuttâ vááijuv pel vittâ
	
04:25	vittâ vááijuv pel vittâ
	
04:26	nelji vááijuv pel vittâ
	
04:27	kulmâ vááijuv pel vittâ
	
04:28	kyehti vááijuv pel vittâ
	
04:29	miinuut vááijuv pel vittâ
04:29	ohtâ vááijuv pel vittâ
	
04:30	pel vittâ
	
04:31	miinuut paijeel pel vittâ
04:31	ohtâ paijeel pel vittâ
	
04:32	kyehti paijeel pel vittâ
	
04:33	kulmâ paijeel pel vittâ
	
04:34	nelji paijeel pel vittâ
	
04:35	vittâ paijeel pel vittâ
	
04:36	kuttâ paijeel pel vittâ
	
04:37	čiččâm paijeel pel vittâ
	
04:38	käävci paijeel pel vittâ
	
04:39	oovce paijeel pel vittâ
	
04:40	love paijeel pel vittâ
	
04:41	oovcenubáloh vááijuv vittâ
	
04:42	käävcinubáloh vááijuv vittâ
	
04:43	čiččâmnubáloh vááijuv vittâ
	
04:44	kuttnubáloh vááijuv vittâ
	
04:45	vaartâ vááijuv vittâ
	
04:46	neljinubáloh vááijuv vittâ
	
04:47	kulmânubáloh vááijuv vittâ
	
04:48	kyehtnubáloh vááijuv vittâ
	
04:49	ohtnubáloh vááijuv vittâ
	
04:50	love vááijuv vittâ
	
04:51	oovce vááijuv vittâ
	
04:52	käävci vááijuv vittâ
	
04:53	čiččâm vááijuv vittâ
	
04:54	kuttâ vááijuv vittâ
	
04:55	vittâ vááijuv vittâ
	
04:56	nelji vááijuv vittâ
	
04:57	kulmâ vááijuv vittâ
	
04:58	kyehti vááijuv vittâ
	
04:59	miinuut vááijuv vittâ
04:59	ohtâ vááijuv vittâ
	
05:00	vittâ
	
05:01	miinuut paijeel vittâ
05:01	ohtâ paijeel vittâ
	
05:02	kyehti paijeel vittâ
	
05:03	kulmâ paijeel vittâ
	
05:04	nelji paijeel vittâ
	
05:05	vittâ paijeel vittâ
	
05:06	kuttâ paijeel vittâ
	
05:07	čiččâm paijeel vittâ
	
05:08	käävci paijeel vittâ
	
05:09	oovce paijeel vittâ
	
05:10	love paijeel vittâ
	
05:11	ohtnubáloh paijeel vittâ
	
05:12	kyehtnubáloh paijeel vittâ
	
05:13	kulmânubáloh paijeel vittâ
	
05:14	neljinubáloh paijeel vittâ
	
05:15	vaartâ paijeel vittâ
	
05:16	kuttnubáloh paijeel vittâ
	
05:17	čiččâmnubáloh paijeel vittâ
	
05:18	käävcinubáloh paijeel vittâ
	
05:19	oovcenubáloh paijeel vittâ
	
05:20	love vááijuv pel kuttâ
	
05:21	oovce vááijuv pel kuttâ
	
05:22	käävci vááijuv pel kuttâ
	
05:23	čiččâm vááijuv pel kuttâ
	
05:24	kuttâ vááijuv pel kuttâ
	
05:25	vittâ vááijuv pel kuttâ
	
05:26	nelji vááijuv pel kuttâ
	
05:27	kulmâ vááijuv pel kuttâ
	
05:28	kyehti vááijuv pel kuttâ
	
05:29	miinuut vááijuv pel kuttâ
05:29	ohtâ vááijuv pel kuttâ
	
05:30	pel kuttâ
	
05:31	miinuut paijeel pel kuttâ
05:31	ohtâ paijeel pel kuttâ
	
05:32	kyehti paijeel pel kuttâ
	
05:33	kulmâ paijeel pel kuttâ
	
05:34	nelji paijeel pel kuttâ
	
05:35	vittâ paijeel pel kuttâ
	
05:36	kuttâ paijeel pel kuttâ
	
05:37	čiččâm paijeel pel kuttâ
	
05:38	käävci paijeel pel kuttâ
	
05:39	oovce paijeel pel kuttâ
	
05:40	love paijeel pel kuttâ
	
05:41	oovcenubáloh vááijuv kuttâ
	
05:42	käävcinubáloh vááijuv kuttâ
	
05:43	čiččâmnubáloh vááijuv kuttâ
	
05:44	kuttnubáloh vááijuv kuttâ
	
05:45	vaartâ vááijuv kuttâ
	
05:46	neljinubáloh vááijuv kuttâ
	
05:47	kulmânubáloh vááijuv kuttâ
	
05:48	kyehtnubáloh vááijuv kuttâ
	
05:49	ohtnubáloh vááijuv kuttâ
	
05:50	love vááijuv kuttâ
	
05:51	oovce vááijuv kuttâ
	
05:52	käävci vááijuv kuttâ
	
05:53	čiččâm vááijuv kuttâ
	
05:54	kuttâ vááijuv kuttâ
	
05:55	vittâ vááijuv kuttâ
	
05:56	nelji vááijuv kuttâ
	
05:57	kulmâ vááijuv kuttâ
	
05:58	kyehti vááijuv kuttâ
	
05:59	miinuut vááijuv kuttâ
05:59	ohtâ vááijuv kuttâ
	
06:00	kuttâ
	
06:01	miinuut paijeel kuttâ
06:01	ohtâ paijeel kuttâ
	
06:02	kyehti paijeel kuttâ
	
06:03	kulmâ paijeel kuttâ
	
06:04	nelji paijeel kuttâ
	
06:05	vittâ paijeel kuttâ
	
06:06	kuttâ paijeel kuttâ
	
06:07	čiččâm paijeel kuttâ
	
06:08	käävci paijeel kuttâ
	
06:09	oovce paijeel kuttâ
	
06:10	love paijeel kuttâ
	
06:11	ohtnubáloh paijeel kuttâ
	
06:12	kyehtnubáloh paijeel kuttâ
	
06:13	kulmânubáloh paijeel kuttâ
	
06:14	neljinubáloh paijeel kuttâ
	
06:15	vaartâ paijeel kuttâ
	
06:16	kuttnubáloh paijeel kuttâ
	
06:17	čiččâmnubáloh paijeel kuttâ
	
06:18	käävcinubáloh paijeel kuttâ
	
06:19	oovcenubáloh paijeel kuttâ
	
06:20	love vááijuv pel čiččâm
	
06:21	oovce vááijuv pel čiččâm
	
06:22	käävci vááijuv pel čiččâm
	
06:23	čiččâm vááijuv pel čiččâm
	
06:24	kuttâ vááijuv pel čiččâm
	
06:25	vittâ vááijuv pel čiččâm
	
06:26	nelji vááijuv pel čiččâm
	
06:27	kulmâ vááijuv pel čiččâm
	
06:28	kyehti vááijuv pel čiččâm
	
06:29	miinuut vááijuv pel čiččâm
06:29	ohtâ vááijuv pel čiččâm
	
06:30	pel čiččâm
	
06:31	miinuut paijeel pel čiččâm
06:31	ohtâ paijeel pel čiččâm
	
06:32	kyehti paijeel pel čiččâm
	
06:33	kulmâ paijeel pel čiččâm
	
06:34	nelji paijeel pel čiččâm
	
06:35	vittâ paijeel pel čiččâm
	
06:36	kuttâ paijeel pel čiččâm
	
06:37	čiččâm paijeel pel čiččâm
	
06:38	käävci paijeel pel čiččâm
	
06:39	oovce paijeel pel čiččâm
	
06:40	love paijeel pel čiččâm
	
06:41	oovcenubáloh vááijuv čiččâm
	
06:42	käävcinubáloh vááijuv čiččâm
	
06:43	čiččâmnubáloh vááijuv čiččâm
	
06:44	kuttnubáloh vááijuv čiččâm
	
06:45	vaartâ vááijuv čiččâm
	
06:46	neljinubáloh vááijuv čiččâm
	
06:47	kulmânubáloh vááijuv čiččâm
	
06:48	kyehtnubáloh vááijuv čiččâm
	
06:49	ohtnubáloh vááijuv čiččâm
	
06:50	love vááijuv čiččâm
	
06:51	oovce vááijuv čiččâm
	
06:52	käävci vááijuv čiččâm
	
06:53	čiččâm vááijuv čiččâm
	
06:54	kuttâ vááijuv čiččâm
	
06:55	vittâ vááijuv čiččâm
	
06:56	nelji vááijuv čiččâm
	
06:57	kulmâ vááijuv čiččâm
	
06:58	kyehti vááijuv čiččâm
	
06:59	miinuut vááijuv čiččâm
06:59	ohtâ vááijuv čiččâm
	
07:00	čiččâm
	
07:01	miinuut paijeel čiččâm
07:01	ohtâ paijeel čiččâm
	
07:02	kyehti paijeel čiččâm
	
07:03	kulmâ paijeel čiččâm
	
07:04	nelji paijeel čiččâm
	
07:05	vittâ paijeel čiččâm
	
07:06	kuttâ paijeel čiččâm
	
07:07	čiččâm paijeel čiččâm
	
07:08	käävci paijeel čiččâm
	
07:09	oovce paijeel čiččâm
	
07:10	love paijeel čiččâm
	
07:11	ohtnubáloh paijeel čiččâm
	
07:12	kyehtnubáloh paijeel čiččâm
	
07:13	kulmânubáloh paijeel čiččâm
	
07:14	neljinubáloh paijeel čiččâm
	
07:15	vaartâ paijeel čiččâm
	
07:16	kuttnubáloh paijeel čiččâm
	
07:17	čiččâmnubáloh paijeel čiččâm
	
07:18	käävcinubáloh paijeel čiččâm
	
07:19	oovcenubáloh paijeel čiččâm
	
07:20	love vááijuv pel käävci
	
07:21	oovce vááijuv pel käävci
	
07:22	käävci vááijuv pel käävci
	
07:23	čiččâm vááijuv pel käävci
	
07:24	kuttâ vááijuv pel käävci
	
07:25	vittâ vááijuv pel käävci
	
07:26	nelji vááijuv pel käävci
	
07:27	kulmâ vááijuv pel käävci
	
07:28	kyehti vááijuv pel käävci
	
07:29	miinuut vááijuv pel käävci
07:29	ohtâ vááijuv pel käävci
	
07:30	pel käävci
	
07:31	miinuut paijeel pel käävci
07:31	ohtâ paijeel pel käävci
	
07:32	kyehti paijeel pel käävci
	
07:33	kulmâ paijeel pel käävci
	
07:34	nelji paijeel pel käävci
	
07:35	vittâ paijeel pel käävci
	
07:36	kuttâ paijeel pel käävci
	
07:37	čiččâm paijeel pel käävci
	
07:38	käävci paijeel pel käävci
	
07:39	oovce paijeel pel käävci
	
07:40	love paijeel pel käävci
	
07:41	oovcenubáloh vááijuv käävci
	
07:42	käävcinubáloh vááijuv käävci
	
07:43	čiččâmnubáloh vááijuv käävci
	
07:44	kuttnubáloh vááijuv käävci
	
07:45	vaartâ vááijuv käävci
	
07:46	neljinubáloh vááijuv käävci
	
07:47	kulmânubáloh vááijuv käävci
	
07:48	kyehtnubáloh vááijuv käävci
	
07:49	ohtnubáloh vááijuv käävci
	
07:50	love vááijuv käävci
	
07:51	oovce vááijuv käävci
	
07:52	käävci vááijuv käävci
	
07:53	čiččâm vááijuv käävci
	
07:54	kuttâ vááijuv käävci
	
07:55	vittâ vááijuv käävci
	
07:56	nelji vááijuv käävci
	
07:57	kulmâ vááijuv käävci
	
07:58	kyehti vááijuv käävci
	
07:59	miinuut vááijuv käävci
07:59	ohtâ vááijuv käävci
	
08:00	käävci
	
08:01	miinuut paijeel käävci
08:01	ohtâ paijeel käävci
	
08:02	kyehti paijeel käävci
	
08:03	kulmâ paijeel käävci
	
08:04	nelji paijeel käävci
	
08:05	vittâ paijeel käävci
	
08:06	kuttâ paijeel käävci
	
08:07	čiččâm paijeel käävci
	
08:08	käävci paijeel käävci
	
08:09	oovce paijeel käävci
	
08:10	love paijeel käävci
	
08:11	ohtnubáloh paijeel käävci
	
08:12	kyehtnubáloh paijeel käävci
	
08:13	kulmânubáloh paijeel käävci
	
08:14	neljinubáloh paijeel käävci
	
08:15	vaartâ paijeel käävci
	
08:16	kuttnubáloh paijeel käävci
	
08:17	čiččâmnubáloh paijeel käävci
	
08:18	käävcinubáloh paijeel käävci
	
08:19	oovcenubáloh paijeel käävci
	
08:20	love vááijuv pel oovce
	
08:21	oovce vááijuv pel oovce
	
08:22	käävci vááijuv pel oovce
	
08:23	čiččâm vááijuv pel oovce
	
08:24	kuttâ vááijuv pel oovce
	
08:25	vittâ vááijuv pel oovce
	
08:26	nelji vááijuv pel oovce
	
08:27	kulmâ vááijuv pel oovce
	
08:28	kyehti vááijuv pel oovce
	
08:29	miinuut vááijuv pel oovce
08:29	ohtâ vááijuv pel oovce
	
08:30	pel oovce
	
08:31	miinuut paijeel pel oovce
08:31	ohtâ paijeel pel oovce
	
08:32	kyehti paijeel pel oovce
	
08:33	kulmâ paijeel pel oovce
	
08:34	nelji paijeel pel oovce
	
08:35	vittâ paijeel pel oovce
	
08:36	kuttâ paijeel pel oovce
	
08:37	čiččâm paijeel pel oovce
	
08:38	käävci paijeel pel oovce
	
08:39	oovce paijeel pel oovce
	
08:40	love paijeel pel oovce
	
08:41	oovcenubáloh vááijuv oovce
	
08:42	käävcinubáloh vááijuv oovce
	
08:43	čiččâmnubáloh vááijuv oovce
	
08:44	kuttnubáloh vááijuv oovce
	
08:45	vaartâ vááijuv oovce
	
08:46	neljinubáloh vááijuv oovce
	
08:47	kulmânubáloh vááijuv oovce
	
08:48	kyehtnubáloh vááijuv oovce
	
08:49	ohtnubáloh vááijuv oovce
	
08:50	love vááijuv oovce
	
08:51	oovce vááijuv oovce
	
08:52	käävci vááijuv oovce
	
08:53	čiččâm vááijuv oovce
	
08:54	kuttâ vááijuv oovce
	
08:55	vittâ vááijuv oovce
	
08:56	nelji vááijuv oovce
	
08:57	kulmâ vááijuv oovce
	
08:58	kyehti vááijuv oovce
	
08:59	miinuut vááijuv oovce
08:59	ohtâ vááijuv oovce
	
09:00	oovce
	
09:01	miinuut paijeel oovce
09:01	ohtâ paijeel oovce
	
09:02	kyehti paijeel oovce
	
09:03	kulmâ paijeel oovce
	
09:04	nelji paijeel oovce
	
09:05	vittâ paijeel oovce
	
09:06	kuttâ paijeel oovce
	
09:07	čiččâm paijeel oovce
	
09:08	käävci paijeel oovce
	
09:09	oovce paijeel oovce
	
09:10	love paijeel oovce
	
09:11	ohtnubáloh paijeel oovce
	
09:12	kyehtnubáloh paijeel oovce
	
09:13	kulmânubáloh paijeel oovce
	
09:14	neljinubáloh paijeel oovce
	
09:15	vaartâ paijeel oovce
	
09:16	kuttnubáloh paijeel oovce
	
09:17	čiččâmnubáloh paijeel oovce
	
09:18	käävcinubáloh paijeel oovce
	
09:19	oovcenubáloh paijeel oovce
	
09:20	love vááijuv pel love
	
09:21	oovce vááijuv pel love
	
09:22	käävci vááijuv pel love
	
09:23	čiččâm vááijuv pel love
	
09:24	kuttâ vááijuv pel love
	
09:25	vittâ vááijuv pel love
	
09:26	nelji vááijuv pel love
	
09:27	kulmâ vááijuv pel love
	
09:28	kyehti vááijuv pel love
	
09:29	miinuut vááijuv pel love
09:29	ohtâ vááijuv pel love
	
09:30	pel love
	
09:31	miinuut paijeel pel love
09:31	ohtâ paijeel pel love
	
09:32	kyehti paijeel pel love
	
09:33	kulmâ paijeel pel love
	
09:34	nelji paijeel pel love
	
09:35	vittâ paijeel pel love
	
09:36	kuttâ paijeel pel love
	
09:37	čiččâm paijeel pel love
	
09:38	käävci paijeel pel love
	
09:39	oovce paijeel pel love
	
09:40	love paijeel pel love
	
09:41	oovcenubáloh vááijuv love
	
09:42	käävcinubáloh vááijuv love
	
09:43	čiččâmnubáloh vááijuv love
	
09:44	kuttnubáloh vááijuv love
	
09:45	vaartâ vááijuv love
	
09:46	neljinubáloh vááijuv love
	
09:47	kulmânubáloh vááijuv love
	
09:48	kyehtnubáloh vááijuv love
	
09:49	ohtnubáloh vááijuv love
	
09:50	love vááijuv love
	
09:51	oovce vááijuv love
	
09:52	käävci vááijuv love
	
09:53	čiččâm vááijuv love
	
09:54	kuttâ vááijuv love
	
09:55	vittâ vááijuv love
	
09:56	nelji vááijuv love
	
09:57	kulmâ vááijuv love
	
09:58	kyehti vááijuv love
	
09:59	miinuut vááijuv love
09:59	ohtâ vááijuv love
	
10:00	love
	
10:01	miinuut paijeel love
10:01	ohtâ paijeel love
	
10:02	kyehti paijeel love
	
10:03	kulmâ paijeel love
	
10:04	nelji paijeel love
	
10:05	vittâ paijeel love
	
10:06	kuttâ paijeel love
	
10:07	čiččâm paijeel love
	
10:08	käävci paijeel love
	
10:09	oovce paijeel love
	
10:10	love paijeel love
	
10:11	ohtnubáloh paijeel love
	
10:12	kyehtnubáloh paijeel love
	
10:13	kulmânubáloh paijeel love
	
10:14	neljinubáloh paijeel love
	
10:15	vaartâ paijeel love
	
10:16	kuttnubáloh paijeel love
	
10:17	čiččâmnubáloh paijeel love
	
10:18	käävcinubáloh paijeel love
	
10:19	oovcenubáloh paijeel love
	
10:20	love vááijuv pel ohtnubáloh
	
10:21	oovce vááijuv pel ohtnubáloh
	
10:22	käävci vááijuv pel ohtnubáloh
	
10:23	čiččâm vááijuv pel ohtnubáloh
	
10:24	kuttâ vááijuv pel ohtnubáloh
	
10:25	vittâ vááijuv pel ohtnubáloh
	
10:26	nelji vááijuv pel ohtnubáloh
	
10:27	kulmâ vááijuv pel ohtnubáloh
	
10:28	kyehti vááijuv pel ohtnubáloh
	
10:29	miinuut vááijuv pel ohtnubáloh
10:29	ohtâ vááijuv pel ohtnubáloh
	
10:30	pel ohtnubáloh
	
10:31	miinuut paijeel pel ohtnubáloh
10:31	ohtâ paijeel pel ohtnubáloh
	
10:32	kyehti paijeel pel ohtnubáloh
	
10:33	kulmâ paijeel pel ohtnubáloh
	
10:34	nelji paijeel pel ohtnubáloh
	
10:35	vittâ paijeel pel ohtnubáloh
	
10:36	kuttâ paijeel pel ohtnubáloh
	
10:37	čiččâm paijeel pel ohtnubáloh
	
10:38	käävci paijeel pel ohtnubáloh
	
10:39	oovce paijeel pel ohtnubáloh
	
10:40	love paijeel pel ohtnubáloh
	
10:41	oovcenubáloh vááijuv ohtnubáloh
	
10:42	käävcinubáloh vááijuv ohtnubáloh
	
10:43	čiččâmnubáloh vááijuv ohtnubáloh
	
10:44	kuttnubáloh vááijuv ohtnubáloh
	
10:45	vaartâ vááijuv ohtnubáloh
	
10:46	neljinubáloh vááijuv ohtnubáloh
	
10:47	kulmânubáloh vááijuv ohtnubáloh
	
10:48	kyehtnubáloh vááijuv ohtnubáloh
	
10:49	ohtnubáloh vááijuv ohtnubáloh
	
10:50	love vááijuv ohtnubáloh
	
10:51	oovce vááijuv ohtnubáloh
	
10:52	käävci vááijuv ohtnubáloh
	
10:53	čiččâm vááijuv ohtnubáloh
	
10:54	kuttâ vááijuv ohtnubáloh
	
10:55	vittâ vááijuv ohtnubáloh
	
10:56	nelji vááijuv ohtnubáloh
	
10:57	kulmâ vááijuv ohtnubáloh
	
10:58	kyehti vááijuv ohtnubáloh
	
10:59	miinuut vááijuv ohtnubáloh
10:59	ohtâ vááijuv ohtnubáloh
	
11:00	ohtnubáloh
	
11:01	miinuut paijeel ohtnubáloh
11:01	ohtâ paijeel ohtnubáloh
	
11:02	kyehti paijeel ohtnubáloh
	
11:03	kulmâ paijeel ohtnubáloh
	
11:04	nelji paijeel ohtnubáloh
	
11:05	vittâ paijeel ohtnubáloh
	
11:06	kuttâ paijeel ohtnubáloh
	
11:07	čiččâm paijeel ohtnubáloh
	
11:08	käävci paijeel ohtnubáloh
	
11:09	oovce paijeel ohtnubáloh
	
11:10	love paijeel ohtnubáloh
	
11:11	ohtnubáloh paijeel ohtnubáloh
	
11:12	kyehtnubáloh paijeel ohtnubáloh
	
11:13	kulmânubáloh paijeel ohtnubáloh
	
11:14	neljinubáloh paijeel ohtnubáloh
	
11:15	vaartâ paijeel ohtnubáloh
	
11:16	kuttnubáloh paijeel ohtnubáloh
	
11:17	čiččâmnubáloh paijeel ohtnubáloh
	
11:18	käävcinubáloh paijeel ohtnubáloh
	
11:19	oovcenubáloh paijeel ohtnubáloh
	
11:20	love vááijuv pel kyehtnubáloh
	
11:21	oovce vááijuv pel kyehtnubáloh
	
11:22	käävci vááijuv pel kyehtnubáloh
	
11:23	čiččâm vááijuv pel kyehtnubáloh
	
11:24	kuttâ vááijuv pel kyehtnubáloh
	
11:25	vittâ vááijuv pel kyehtnubáloh
	
11:26	nelji vááijuv pel kyehtnubáloh
	
11:27	kulmâ vááijuv pel kyehtnubáloh
	
11:28	kyehti vááijuv pel kyehtnubáloh
	
11:29	miinuut vááijuv pel kyehtnubáloh
11:29	ohtâ vááijuv pel kyehtnubáloh
	
11:30	pel kyehtnubáloh
	
11:31	miinuut paijeel pel kyehtnubáloh
11:31	ohtâ paijeel pel kyehtnubáloh
	
11:32	kyehti paijeel pel kyehtnubáloh
	
11:33	kulmâ paijeel pel kyehtnubáloh
	
11:34	nelji paijeel pel kyehtnubáloh
	
11:35	vittâ paijeel pel kyehtnubáloh
	
11:36	kuttâ paijeel pel kyehtnubáloh
	
11:37	čiččâm paijeel pel kyehtnubáloh
	
11:38	käävci paijeel pel kyehtnubáloh
	
11:39	oovce paijeel pel kyehtnubáloh
	
11:40	love paijeel pel kyehtnubáloh
	
11:41	oovcenubáloh vááijuv kyehtnubáloh
	
11:42	käävcinubáloh vááijuv kyehtnubáloh
	
11:43	čiččâmnubáloh vááijuv kyehtnubáloh
	
11:44	kuttnubáloh vááijuv kyehtnubáloh
	
11:45	vaartâ vááijuv kyehtnubáloh
	
11:46	neljinubáloh vááijuv kyehtnubáloh
	
11:47	kulmânubáloh vááijuv kyehtnubáloh
	
11:48	kyehtnubáloh vááijuv kyehtnubáloh
	
11:49	ohtnubáloh vááijuv kyehtnubáloh
	
11:50	love vááijuv kyehtnubáloh
	
11:51	oovce vááijuv kyehtnubáloh
	
11:52	käävci vááijuv kyehtnubáloh
	
11:53	čiččâm vááijuv kyehtnubáloh
	
11:54	kuttâ vááijuv kyehtnubáloh
	
11:55	vittâ vááijuv kyehtnubáloh
	
11:56	nelji vááijuv kyehtnubáloh
	
11:57	kulmâ vááijuv kyehtnubáloh
	
11:58	kyehti vááijuv kyehtnubáloh
	
11:59	miinuut vááijuv kyehtnubáloh
11:59	ohtâ vááijuv kyehtnubáloh
	
12:00	kyehtnubáloh
	
12:01	miinuut paijeel kyehtnubáloh
12:01	ohtâ paijeel kyehtnubáloh
	
12:02	kyehti paijeel kyehtnubáloh
	
12:03	kulmâ paijeel kyehtnubáloh
	
12:04	nelji paijeel kyehtnubáloh
	
12:05	vittâ paijeel kyehtnubáloh
	
12:06	kuttâ paijeel kyehtnubáloh
	
12:07	čiččâm paijeel kyehtnubáloh
	
12:08	käävci paijeel kyehtnubáloh
	
12:09	oovce paijeel kyehtnubáloh
	
12:10	love paijeel kyehtnubáloh
	
12:11	ohtnubáloh paijeel kyehtnubáloh
	
12:12	kyehtnubáloh paijeel kyehtnubáloh
	
12:13	kulmânubáloh paijeel kyehtnubáloh
	
12:14	neljinubáloh paijeel kyehtnubáloh
	
12:15	vaartâ paijeel kyehtnubáloh
	
12:16	kuttnubáloh paijeel kyehtnubáloh
	
12:17	čiččâmnubáloh paijeel kyehtnubáloh
	
12:18	käävcinubáloh paijeel kyehtnubáloh
	
12:19	oovcenubáloh paijeel kyehtnubáloh
	
12:20	love vááijuv pel ohtâ
	
12:21	oovce vááijuv pel ohtâ
	
12:22	käävci vááijuv pel ohtâ
	
12:23	čiččâm vááijuv pel ohtâ
	
12:24	kuttâ vááijuv pel ohtâ
	
12:25	vittâ vááijuv pel ohtâ
	
12:26	nelji vááijuv pel ohtâ
	
12:27	kulmâ vááijuv pel ohtâ
	
12:28	kyehti vááijuv pel ohtâ
	
12:29	miinuut vááijuv pel ohtâ
12:29	ohtâ vááijuv pel ohtâ
	
12:30	pel ohtâ
	
12:31	miinuut paijeel pel ohtâ
12:31	ohtâ paijeel pel ohtâ
	
12:32	kyehti paijeel pel ohtâ
	
12:33	kulmâ paijeel pel ohtâ
	
12:34	nelji paijeel pel ohtâ
	
12:35	vittâ paijeel pel ohtâ
	
12:36	kuttâ paijeel pel ohtâ
	
12:37	čiččâm paijeel pel ohtâ
	
12:38	käävci paijeel pel ohtâ
	
12:39	oovce paijeel pel ohtâ
	
12:40	love paijeel pel ohtâ
	
12:41	oovcenubáloh vááijuv ohtâ
	
12:42	käävcinubáloh vááijuv ohtâ
	
12:43	čiččâmnubáloh vááijuv ohtâ
	
12:44	kuttnubáloh vááijuv ohtâ
	
12:45	vaartâ vááijuv ohtâ
	
12:46	neljinubáloh vááijuv ohtâ
	
12:47	kulmânubáloh vááijuv ohtâ
	
12:48	kyehtnubáloh vááijuv ohtâ
	
12:49	ohtnubáloh vááijuv ohtâ
	
12:50	love vááijuv ohtâ
	
12:51	oovce vááijuv ohtâ
	
12:52	käävci vááijuv ohtâ
	
12:53	čiččâm vááijuv ohtâ
	
12:54	kuttâ vááijuv ohtâ
	
12:55	vittâ vááijuv ohtâ
	
12:56	nelji vááijuv ohtâ
	
12:57	kulmâ vááijuv ohtâ
	
12:58	kyehti vááijuv ohtâ
	
12:59	miinuut vááijuv ohtâ
12:59	ohtâ vááijuv ohtâ
	
13:00	ohtâ
	
13:01	miinuut paijeel ohtâ
13:01	ohtâ paijeel ohtâ
	
13:02	kyehti paijeel ohtâ
	
13:03	kulmâ paijeel ohtâ
	
13:04	nelji paijeel ohtâ
	
13:05	vittâ paijeel ohtâ
	
13:06	kuttâ paijeel ohtâ
	
13:07	čiččâm paijeel ohtâ
	
13:08	käävci paijeel ohtâ
	
13:09	oovce paijeel ohtâ
	
13:10	love paijeel ohtâ
	
13:11	ohtnubáloh paijeel ohtâ
	
13:12	kyehtnubáloh paijeel ohtâ
	
13:13	kulmânubáloh paijeel ohtâ
	
13:14	neljinubáloh paijeel ohtâ
	
13:15	vaartâ paijeel ohtâ
	
13:16	kuttnubáloh paijeel ohtâ
	
13:17	čiččâmnubáloh paijeel ohtâ
	
13:18	käävcinubáloh paijeel ohtâ
	
13:19	oovcenubáloh paijeel ohtâ
	
13:20	love vááijuv pel kyehti
	
13:21	oovce vááijuv pel kyehti
	
13:22	käävci vááijuv pel kyehti
	
13:23	čiččâm vááijuv pel kyehti
	
13:24	kuttâ vááijuv pel kyehti
	
13:25	vittâ vááijuv pel kyehti
	
13:26	nelji vááijuv pel kyehti
	
13:27	kulmâ vááijuv pel kyehti
	
13:28	kyehti vááijuv pel kyehti
	
13:29	miinuut vááijuv pel kyehti
13:29	ohtâ vááijuv pel kyehti
	
13:30	pel kyehti
	
13:31	miinuut paijeel pel kyehti
13:31	ohtâ paijeel pel kyehti
	
13:32	kyehti paijeel pel kyehti
	
13:33	kulmâ paijeel pel kyehti
	
13:34	nelji paijeel pel kyehti
	
13:35	vittâ paijeel pel kyehti
	
13:36	kuttâ paijeel pel kyehti
	
13:37	čiččâm paijeel pel kyehti
	
13:38	käävci paijeel pel kyehti
	
13:39	oovce paijeel pel kyehti
	
13:40	love paijeel pel kyehti
	
13:41	oovcenubáloh vááijuv kyehti
	
13:42	käävcinubáloh vááijuv kyehti
	
13:43	čiččâmnubáloh vááijuv kyehti
	
13:44	kuttnubáloh vááijuv kyehti
	
13:45	vaartâ vááijuv kyehti
	
13:46	neljinubáloh vááijuv kyehti
	
13:47	kulmânubáloh vááijuv kyehti
	
13:48	kyehtnubáloh vááijuv kyehti
	
13:49	ohtnubáloh vááijuv kyehti
	
13:50	love vááijuv kyehti
	
13:51	oovce vááijuv kyehti
	
13:52	käävci vááijuv kyehti
	
13:53	čiččâm vááijuv kyehti
	
13:54	kuttâ vááijuv kyehti
	
13:55	vittâ vááijuv kyehti
	
13:56	nelji vááijuv kyehti
	
13:57	kulmâ vááijuv kyehti
	
13:58	kyehti vááijuv kyehti
	
13:59	miinuut vááijuv kyehti
13:59	ohtâ vááijuv kyehti
	
14:00	kyehti
	
14:01	miinuut paijeel kyehti
14:01	ohtâ paijeel kyehti
	
14:02	kyehti paijeel kyehti
	
14:03	kulmâ paijeel kyehti
	
14:04	nelji paijeel kyehti
	
14:05	vittâ paijeel kyehti
	
14:06	kuttâ paijeel kyehti
	
14:07	čiččâm paijeel kyehti
	
14:08	käävci paijeel kyehti
	
14:09	oovce paijeel kyehti
	
14:10	love paijeel kyehti
	
14:11	ohtnubáloh paijeel kyehti
	
14:12	kyehtnubáloh paijeel kyehti
	
14:13	kulmânubáloh paijeel kyehti
	
14:14	neljinubáloh paijeel kyehti
	
14:15	vaartâ paijeel kyehti
	
14:16	kuttnubáloh paijeel kyehti
	
14:17	čiččâmnubáloh paijeel kyehti
	
14:18	käävcinubáloh paijeel kyehti
	
14:19	oovcenubáloh paijeel kyehti
	
14:20	love vááijuv pel kulmâ
	
14:21	oovce vááijuv pel kulmâ
	
14:22	käävci vááijuv pel kulmâ
	
14:23	čiččâm vááijuv pel kulmâ
	
14:24	kuttâ vááijuv pel kulmâ
	
14:25	vittâ vááijuv pel kulmâ
	
14:26	nelji vááijuv pel kulmâ
	
14:27	kulmâ vááijuv pel kulmâ
	
14:28	kyehti vááijuv pel kulmâ
	
14:29	miinuut vááijuv pel kulmâ
14:29	ohtâ vááijuv pel kulmâ
	
14:30	pel kulmâ
	
14:31	miinuut paijeel pel kulmâ
14:31	ohtâ paijeel pel kulmâ
	
14:32	kyehti paijeel pel kulmâ
	
14:33	kulmâ paijeel pel kulmâ
	
14:34	nelji paijeel pel kulmâ
	
14:35	vittâ paijeel pel kulmâ
	
14:36	kuttâ paijeel pel kulmâ
	
14:37	čiččâm paijeel pel kulmâ
	
14:38	käävci paijeel pel kulmâ
	
14:39	oovce paijeel pel kulmâ
	
14:40	love paijeel pel kulmâ
	
14:41	oovcenubáloh vááijuv kulmâ
	
14:42	käävcinubáloh vááijuv kulmâ
	
14:43	čiččâmnubáloh vááijuv kulmâ
	
14:44	kuttnubáloh vááijuv kulmâ
	
14:45	vaartâ vááijuv kulmâ
	
14:46	neljinubáloh vááijuv kulmâ
	
14:47	kulmânubáloh vááijuv kulmâ
	
14:48	kyehtnubáloh vááijuv kulmâ
	
14:49	ohtnubáloh vááijuv kulmâ
	
14:50	love vááijuv kulmâ
	
14:51	oovce vááijuv kulmâ
	
14:52	käävci vááijuv kulmâ
	
14:53	čiččâm vááijuv kulmâ
	
14:54	kuttâ vááijuv kulmâ
	
14:55	vittâ vááijuv kulmâ
	
14:56	nelji vááijuv kulmâ
	
14:57	kulmâ vááijuv kulmâ
	
14:58	kyehti vááijuv kulmâ
	
14:59	miinuut vááijuv kulmâ
14:59	ohtâ vááijuv kulmâ
	
15:00	kulmâ
	
15:01	miinuut paijeel kulmâ
15:01	ohtâ paijeel kulmâ
	
15:02	kyehti paijeel kulmâ
	
15:03	kulmâ paijeel kulmâ
	
15:04	nelji paijeel kulmâ
	
15:05	vittâ paijeel kulmâ
	
15:06	kuttâ paijeel kulmâ
	
15:07	čiččâm paijeel kulmâ
	
15:08	käävci paijeel kulmâ
	
15:09	oovce paijeel kulmâ
	
15:10	love paijeel kulmâ
	
15:11	ohtnubáloh paijeel kulmâ
	
15:12	kyehtnubáloh paijeel kulmâ
	
15:13	kulmânubáloh paijeel kulmâ
	
15:14	neljinubáloh paijeel kulmâ
	
15:15	vaartâ paijeel kulmâ
	
15:16	kuttnubáloh paijeel kulmâ
	
15:17	čiččâmnubáloh paijeel kulmâ
	
15:18	käävcinubáloh paijeel kulmâ
	
15:19	oovcenubáloh paijeel kulmâ
	
15:20	love vááijuv pel nelji
	
15:21	oovce vááijuv pel nelji
	
15:22	käävci vááijuv pel nelji
	
15:23	čiččâm vááijuv pel nelji
	
15:24	kuttâ vááijuv pel nelji
	
15:25	vittâ vááijuv pel nelji
	
15:26	nelji vááijuv pel nelji
	
15:27	kulmâ vááijuv pel nelji
	
15:28	kyehti vááijuv pel nelji
	
15:29	miinuut vááijuv pel nelji
15:29	ohtâ vááijuv pel nelji
	
15:30	pel nelji
	
15:31	miinuut paijeel pel nelji
15:31	ohtâ paijeel pel nelji
	
15:32	kyehti paijeel pel nelji
	
15:33	kulmâ paijeel pel nelji
	
15:34	nelji paijeel pel nelji
	
15:35	vittâ paijeel pel nelji
	
15:36	kuttâ paijeel pel nelji
	
15:37	čiččâm paijeel pel nelji
	
15:38	käävci paijeel pel nelji
	
15:39	oovce paijeel pel nelji
	
15:40	love paijeel pel nelji
	
15:41	oovcenubáloh vááijuv nelji
	
15:42	käävcinubáloh vááijuv nelji
	
15:43	čiččâmnubáloh vááijuv nelji
	
15:44	kuttnubáloh vááijuv nelji
	
15:45	vaartâ vááijuv nelji
	
15:46	neljinubáloh vááijuv nelji
	
15:47	kulmânubáloh vááijuv nelji
	
15:48	kyehtnubáloh vááijuv nelji
	
15:49	ohtnubáloh vááijuv nelji
	
15:50	love vááijuv nelji
	
15:51	oovce vááijuv nelji
	
15:52	käävci vááijuv nelji
	
15:53	čiččâm vááijuv nelji
	
15:54	kuttâ vááijuv nelji
	
15:55	vittâ vááijuv nelji
	
15:56	nelji vááijuv nelji
	
15:57	kulmâ vááijuv nelji
	
15:58	kyehti vááijuv nelji
	
15:59	miinuut vááijuv nelji
15:59	ohtâ vááijuv nelji
	
16:00	nelji
	
16:01	miinuut paijeel nelji
16:01	ohtâ paijeel nelji
	
16:02	kyehti paijeel nelji
	
16:03	kulmâ paijeel nelji
	
16:04	nelji paijeel nelji
	
16:05	vittâ paijeel nelji
	
16:06	kuttâ paijeel nelji
	
16:07	čiččâm paijeel nelji
	
16:08	käävci paijeel nelji
	
16:09	oovce paijeel nelji
	
16:10	love paijeel nelji
	
16:11	ohtnubáloh paijeel nelji
	
16:12	kyehtnubáloh paijeel nelji
	
16:13	kulmânubáloh paijeel nelji
	
16:14	neljinubáloh paijeel nelji
	
16:15	vaartâ paijeel nelji
	
16:16	kuttnubáloh paijeel nelji
	
16:17	čiččâmnubáloh paijeel nelji
	
16:18	käävcinubáloh paijeel nelji
	
16:19	oovcenubáloh paijeel nelji
	
16:20	love vááijuv pel vittâ
	
16:21	oovce vááijuv pel vittâ
	
16:22	käävci vááijuv pel vittâ
	
16:23	čiččâm vááijuv pel vittâ
	
16:24	kuttâ vááijuv pel vittâ
	
16:25	vittâ vááijuv pel vittâ
	
16:26	nelji vááijuv pel vittâ
	
16:27	kulmâ vááijuv pel vittâ
	
16:28	kyehti vááijuv pel vittâ
	
16:29	miinuut vááijuv pel vittâ
16:29	ohtâ vááijuv pel vittâ
	
16:30	pel vittâ
	
16:31	miinuut paijeel pel vittâ
16:31	ohtâ paijeel pel vittâ
	
16:32	kyehti paijeel pel vittâ
	
16:33	kulmâ paijeel pel vittâ
	
16:34	nelji paijeel pel vittâ
	
16:35	vittâ paijeel pel vittâ
	
16:36	kuttâ paijeel pel vittâ
	
16:37	čiččâm paijeel pel vittâ
	
16:38	käävci paijeel pel vittâ
	
16:39	oovce paijeel pel vittâ
	
16:40	love paijeel pel vittâ
	
16:41	oovcenubáloh vááijuv vittâ
	
16:42	käävcinubáloh vááijuv vittâ
	
16:43	čiččâmnubáloh vááijuv vittâ
	
16:44	kuttnubáloh vááijuv vittâ
	
16:45	vaartâ vááijuv vittâ
	
16:46	neljinubáloh vááijuv vittâ
	
16:47	kulmânubáloh vááijuv vittâ
	
16:48	kyehtnubáloh vááijuv vittâ
	
16:49	ohtnubáloh vááijuv vittâ
	
16:50	love vááijuv vittâ
	
16:51	oovce vááijuv vittâ
	
16:52	käävci vááijuv vittâ
	
16:53	čiččâm vááijuv vittâ
	
16:54	kuttâ vááijuv vittâ
	
16:55	vittâ vááijuv vittâ
	
16:56	nelji vááijuv vittâ
	
16:57	kulmâ vááijuv vittâ
	
16:58	kyehti vááijuv vittâ
	
16:59	miinuut vááijuv vittâ
16:59	ohtâ vááijuv vittâ
	
17:00	vittâ
	
17:01	miinuut paijeel vittâ
17:01	ohtâ paijeel vittâ
	
17:02	kyehti paijeel vittâ
	
17:03	kulmâ paijeel vittâ
	
17:04	nelji paijeel vittâ
	
17:05	vittâ paijeel vittâ
	
17:06	kuttâ paijeel vittâ
	
17:07	čiččâm paijeel vittâ
	
17:08	käävci paijeel vittâ
	
17:09	oovce paijeel vittâ
	
17:10	love paijeel vittâ
	
17:11	ohtnubáloh paijeel vittâ
	
17:12	kyehtnubáloh paijeel vittâ
	
17:13	kulmânubáloh paijeel vittâ
	
17:14	neljinubáloh paijeel vittâ
	
17:15	vaartâ paijeel vittâ
	
17:16	kuttnubáloh paijeel vittâ
	
17:17	čiččâmnubáloh paijeel vittâ
	
17:18	käävcinubáloh paijeel vittâ
	
17:19	oovcenubáloh paijeel vittâ
	
17:20	love vááijuv pel kuttâ
	
17:21	oovce vááijuv pel kuttâ
	
17:22	käävci vááijuv pel kuttâ
	
17:23	čiččâm vááijuv pel kuttâ
	
17:24	kuttâ vááijuv pel kuttâ
	
17:25	vittâ vááijuv pel kuttâ
	
17:26	nelji vááijuv pel kuttâ
	
17:27	kulmâ vááijuv pel kuttâ
	
17:28	kyehti vááijuv pel kuttâ
	
17:29	miinuut vááijuv pel kuttâ
17:29	ohtâ vááijuv pel kuttâ
	
17:30	pel kuttâ
	
17:31	miinuut paijeel pel kuttâ
17:31	ohtâ paijeel pel kuttâ
	
17:32	kyehti paijeel pel kuttâ
	
17:33	kulmâ paijeel pel kuttâ
	
17:34	nelji paijeel pel kuttâ
	
17:35	vittâ paijeel pel kuttâ
	
17:36	kuttâ paijeel pel kuttâ
	
17:37	čiččâm paijeel pel kuttâ
	
17:38	käävci paijeel pel kuttâ
	
17:39	oovce paijeel pel kuttâ
	
17:40	love paijeel pel kuttâ
	
17:41	oovcenubáloh vááijuv kuttâ
	
17:42	käävcinubáloh vááijuv kuttâ
	
17:43	čiččâmnubáloh vááijuv kuttâ
	
17:44	kuttnubáloh vááijuv kuttâ
	
17:45	vaartâ vááijuv kuttâ
	
17:46	neljinubáloh vááijuv kuttâ
	
17:47	kulmânubáloh vááijuv kuttâ
	
17:48	kyehtnubáloh vááijuv kuttâ
	
17:49	ohtnubáloh vááijuv kuttâ
	
17:50	love vááijuv kuttâ
	
17:51	oovce vááijuv kuttâ
	
17:52	käävci vááijuv kuttâ
	
17:53	čiččâm vááijuv kuttâ
	
17:54	kuttâ vááijuv kuttâ
	
17:55	vittâ vááijuv kuttâ
	
17:56	nelji vááijuv kuttâ
	
17:57	kulmâ vááijuv kuttâ
	
17:58	kyehti vááijuv kuttâ
	
17:59	miinuut vááijuv kuttâ
17:59	ohtâ vááijuv kuttâ
	
18:00	kuttâ
	
18:01	miinuut paijeel kuttâ
18:01	ohtâ paijeel kuttâ
	
18:02	kyehti paijeel kuttâ
	
18:03	kulmâ paijeel kuttâ
	
18:04	nelji paijeel kuttâ
	
18:05	vittâ paijeel kuttâ
	
18:06	kuttâ paijeel kuttâ
	
18:07	čiččâm paijeel kuttâ
	
18:08	käävci paijeel kuttâ
	
18:09	oovce paijeel kuttâ
	
18:10	love paijeel kuttâ
	
18:11	ohtnubáloh paijeel kuttâ
	
18:12	kyehtnubáloh paijeel kuttâ
	
18:13	kulmânubáloh paijeel kuttâ
	
18:14	neljinubáloh paijeel kuttâ
	
18:15	vaartâ paijeel kuttâ
	
18:16	kuttnubáloh paijeel kuttâ
	
18:17	čiččâmnubáloh paijeel kuttâ
	
18:18	käävcinubáloh paijeel kuttâ
	
18:19	oovcenubáloh paijeel kuttâ
	
18:20	love vááijuv pel čiččâm
	
18:21	oovce vááijuv pel čiččâm
	
18:22	käävci vááijuv pel čiččâm
	
18:23	čiččâm vááijuv pel čiččâm
	
18:24	kuttâ vááijuv pel čiččâm
	
18:25	vittâ vááijuv pel čiččâm
	
18:26	nelji vááijuv pel čiččâm
	
18:27	kulmâ vááijuv pel čiččâm
	
18:28	kyehti vááijuv pel čiččâm
	
18:29	miinuut vááijuv pel čiččâm
18:29	ohtâ vááijuv pel čiččâm
	
18:30	pel čiččâm
	
18:31	miinuut paijeel pel čiččâm
18:31	ohtâ paijeel pel čiččâm
	
18:32	kyehti paijeel pel čiččâm
	
18:33	kulmâ paijeel pel čiččâm
	
18:34	nelji paijeel pel čiččâm
	
18:35	vittâ paijeel pel čiččâm
	
18:36	kuttâ paijeel pel čiččâm
	
18:37	čiččâm paijeel pel čiččâm
	
18:38	käävci paijeel pel čiččâm
	
18:39	oovce paijeel pel čiččâm
	
18:40	love paijeel pel čiččâm
	
18:41	oovcenubáloh vááijuv čiččâm
	
18:42	käävcinubáloh vááijuv čiččâm
	
18:43	čiččâmnubáloh vááijuv čiččâm
	
18:44	kuttnubáloh vááijuv čiččâm
	
18:45	vaartâ vááijuv čiččâm
	
18:46	neljinubáloh vááijuv čiččâm
	
18:47	kulmânubáloh vááijuv čiččâm
	
18:48	kyehtnubáloh vááijuv čiččâm
	
18:49	ohtnubáloh vááijuv čiččâm
	
18:50	love vááijuv čiččâm
	
18:51	oovce vááijuv čiččâm
	
18:52	käävci vááijuv čiččâm
	
18:53	čiččâm vááijuv čiččâm
	
18:54	kuttâ vááijuv čiččâm
	
18:55	vittâ vááijuv čiččâm
	
18:56	nelji vááijuv čiččâm
	
18:57	kulmâ vááijuv čiččâm
	
18:58	kyehti vááijuv čiččâm
	
18:59	miinuut vááijuv čiččâm
18:59	ohtâ vááijuv čiččâm
	
19:00	čiččâm
	
19:01	miinuut paijeel čiččâm
19:01	ohtâ paijeel čiččâm
	
19:02	kyehti paijeel čiččâm
	
19:03	kulmâ paijeel čiččâm
	
19:04	nelji paijeel čiččâm
	
19:05	vittâ paijeel čiččâm
	
19:06	kuttâ paijeel čiččâm
	
19:07	čiččâm paijeel čiččâm
	
19:08	käävci paijeel čiččâm
	
19:09	oovce paijeel čiččâm
	
19:10	love paijeel čiččâm
	
19:11	ohtnubáloh paijeel čiččâm
	
19:12	kyehtnubáloh paijeel čiččâm
	
19:13	kulmânubáloh paijeel čiččâm
	
19:14	neljinubáloh paijeel čiččâm
	
19:15	vaartâ paijeel čiččâm
	
19:16	kuttnubáloh paijeel čiččâm
	
19:17	čiččâmnubáloh paijeel čiččâm
	
19:18	käävcinubáloh paijeel čiččâm
	
19:19	oovcenubáloh paijeel čiččâm
	
19:20	love vááijuv pel käävci
	
19:21	oovce vááijuv pel käävci
	
19:22	käävci vááijuv pel käävci
	
19:23	čiččâm vááijuv pel käävci
	
19:24	kuttâ vááijuv pel käävci
	
19:25	vittâ vááijuv pel käävci
	
19:26	nelji vááijuv pel käävci
	
19:27	kulmâ vááijuv pel käävci
	
19:28	kyehti vááijuv pel käävci
	
19:29	miinuut vááijuv pel käävci
19:29	ohtâ vááijuv pel käävci
	
19:30	pel käävci
	
19:31	miinuut paijeel pel käävci
19:31	ohtâ paijeel pel käävci
	
19:32	kyehti paijeel pel käävci
	
19:33	kulmâ paijeel pel käävci
	
19:34	nelji paijeel pel käävci
	
19:35	vittâ paijeel pel käävci
	
19:36	kuttâ paijeel pel käävci
	
19:37	čiččâm paijeel pel käävci
	
19:38	käävci paijeel pel käävci
	
19:39	oovce paijeel pel käävci
	
19:40	love paijeel pel käävci
	
19:41	oovcenubáloh vááijuv käävci
	
19:42	käävcinubáloh vááijuv käävci
	
19:43	čiččâmnubáloh vááijuv käävci
	
19:44	kuttnubáloh vááijuv käävci
	
19:45	vaartâ vááijuv käävci
	
19:46	neljinubáloh vááijuv käävci
	
19:47	kulmânubáloh vááijuv käävci
	
19:48	kyehtnubáloh vááijuv käävci
	
19:49	ohtnubáloh vááijuv käävci
	
19:50	love vááijuv käävci
	
19:51	oovce vááijuv käävci
	
19:52	käävci vááijuv käävci
	
19:53	čiččâm vááijuv käävci
	
19:54	kuttâ vááijuv käävci
	
19:55	vittâ vááijuv käävci
	
19:56	nelji vááijuv käävci
	
19:57	kulmâ vááijuv käävci
	
19:58	kyehti vááijuv käävci
	
19:59	miinuut vááijuv käävci
19:59	ohtâ vááijuv käävci
	
20:00	käävci
	
20:01	miinuut paijeel käävci
20:01	ohtâ paijeel käävci
	
20:02	kyehti paijeel käävci
	
20:03	kulmâ paijeel käävci
	
20:04	nelji paijeel käävci
	
20:05	vittâ paijeel käävci
	
20:06	kuttâ paijeel käävci
	
20:07	čiččâm paijeel käävci
	
20:08	käävci paijeel käävci
	
20:09	oovce paijeel käävci
	
20:10	love paijeel käävci
	
20:11	ohtnubáloh paijeel käävci
	
20:12	kyehtnubáloh paijeel käävci
	
20:13	kulmânubáloh paijeel käävci
	
20:14	neljinubáloh paijeel käävci
	
20:15	vaartâ paijeel käävci
	
20:16	kuttnubáloh paijeel käävci
	
20:17	čiččâmnubáloh paijeel käävci
	
20:18	käävcinubáloh paijeel käävci
	
20:19	oovcenubáloh paijeel käävci
	
20:20	love vááijuv pel oovce
	
20:21	oovce vááijuv pel oovce
	
20:22	käävci vááijuv pel oovce
	
20:23	čiččâm vááijuv pel oovce
	
20:24	kuttâ vááijuv pel oovce
	
20:25	vittâ vááijuv pel oovce
	
20:26	nelji vááijuv pel oovce
	
20:27	kulmâ vááijuv pel oovce
	
20:28	kyehti vááijuv pel oovce
	
20:29	miinuut vááijuv pel oovce
20:29	ohtâ vááijuv pel oovce
	
20:30	pel oovce
	
20:31	miinuut paijeel pel oovce
20:31	ohtâ paijeel pel oovce
	
20:32	kyehti paijeel pel oovce
	
20:33	kulmâ paijeel pel oovce
	
20:34	nelji paijeel pel oovce
	
20:35	vittâ paijeel pel oovce
	
20:36	kuttâ paijeel pel oovce
	
20:37	čiččâm paijeel pel oovce
	
20:38	käävci paijeel pel oovce
	
20:39	oovce paijeel pel oovce
	
20:40	love paijeel pel oovce
	
20:41	oovcenubáloh vááijuv oovce
	
20:42	käävcinubáloh vááijuv oovce
	
20:43	čiččâmnubáloh vááijuv oovce
	
20:44	kuttnubáloh vááijuv oovce
	
20:45	vaartâ vááijuv oovce
	
20:46	neljinubáloh vááijuv oovce
	
20:47	kulmânubáloh vááijuv oovce
	
20:48	kyehtnubáloh vááijuv oovce
	
20:49	ohtnubáloh vááijuv oovce
	
20:50	love vááijuv oovce
	
20:51	oovce vááijuv oovce
	
20:52	käävci vááijuv oovce
	
20:53	čiččâm vááijuv oovce
	
20:54	kuttâ vááijuv oovce
	
20:55	vittâ vááijuv oovce
	
20:56	nelji vááijuv oovce
	
20:57	kulmâ vááijuv oovce
	
20:58	kyehti vááijuv oovce
	
20:59	miinuut vááijuv oovce
20:59	ohtâ vááijuv oovce
	
21:00	oovce
	
21:01	miinuut paijeel oovce
21:01	ohtâ paijeel oovce
	
21:02	kyehti paijeel oovce
	
21:03	kulmâ paijeel oovce
	
21:04	nelji paijeel oovce
	
21:05	vittâ paijeel oovce
	
21:06	kuttâ paijeel oovce
	
21:07	čiččâm paijeel oovce
	
21:08	käävci paijeel oovce
	
21:09	oovce paijeel oovce
	
21:10	love paijeel oovce
	
21:11	ohtnubáloh paijeel oovce
	
21:12	kyehtnubáloh paijeel oovce
	
21:13	kulmânubáloh paijeel oovce
	
21:14	neljinubáloh paijeel oovce
	
21:15	vaartâ paijeel oovce
	
21:16	kuttnubáloh paijeel oovce
	
21:17	čiččâmnubáloh paijeel oovce
	
21:18	käävcinubáloh paijeel oovce
	
21:19	oovcenubáloh paijeel oovce
	
21:20	love vááijuv pel love
	
21:21	oovce vááijuv pel love
	
21:22	käävci vááijuv pel love
	
21:23	čiččâm vááijuv pel love
	
21:24	kuttâ vááijuv pel love
	
21:25	vittâ vááijuv pel love
	
21:26	nelji vááijuv pel love
	
21:27	kulmâ vááijuv pel love
	
21:28	kyehti vááijuv pel love
	
21:29	miinuut vááijuv pel love
21:29	ohtâ vááijuv pel love
	
21:30	pel love
	
21:31	miinuut paijeel pel love
21:31	ohtâ paijeel pel love
	
21:32	kyehti paijeel pel love
	
21:33	kulmâ paijeel pel love
	
21:34	nelji paijeel pel love
	
21:35	vittâ paijeel pel love
	
21:36	kuttâ paijeel pel love
	
21:37	čiččâm paijeel pel love
	
21:38	käävci paijeel pel love
	
21:39	oovce paijeel pel love
	
21:40	love paijeel pel love
	
21:41	oovcenubáloh vááijuv love
	
21:42	käävcinubáloh vááijuv love
	
21:43	čiččâmnubáloh vááijuv love
	
21:44	kuttnubáloh vááijuv love
	
21:45	vaartâ vááijuv love
	
21:46	neljinubáloh vááijuv love
	
21:47	kulmânubáloh vááijuv love
	
21:48	kyehtnubáloh vááijuv love
	
21:49	ohtnubáloh vááijuv love
	
21:50	love vááijuv love
	
21:51	oovce vááijuv love
	
21:52	käävci vááijuv love
	
21:53	čiččâm vááijuv love
	
21:54	kuttâ vááijuv love
	
21:55	vittâ vááijuv love
	
21:56	nelji vááijuv love
	
21:57	kulmâ vááijuv love
	
21:58	kyehti vááijuv love
	
21:59	miinuut vááijuv love
21:59	ohtâ vááijuv love
	
22:00	love
	
22:01	miinuut paijeel love
22:01	ohtâ paijeel love
	
22:02	kyehti paijeel love
	
22:03	kulmâ paijeel love
	
22:04	nelji paijeel love
	
22:05	vittâ paijeel love
	
22:06	kuttâ paijeel love
	
22:07	čiččâm paijeel love
	
22:08	käävci paijeel love
	
22:09	oovce paijeel love
	
22:10	love paijeel love
	
22:11	ohtnubáloh paijeel love
	
22:12	kyehtnubáloh paijeel love
	
22:13	kulmânubáloh paijeel love
	
22:14	neljinubáloh paijeel love
	
22:15	vaartâ paijeel love
	
22:16	kuttnubáloh paijeel love
	
22:17	čiččâmnubáloh paijeel love
	
22:18	käävcinubáloh paijeel love
	
22:19	oovcenubáloh paijeel love
	
22:20	love vááijuv pel ohtnubáloh
	
22:21	oovce vááijuv pel ohtnubáloh
	
22:22	käävci vááijuv pel ohtnubáloh
	
22:23	čiččâm vááijuv pel ohtnubáloh
	
22:24	kuttâ vááijuv pel ohtnubáloh
	
22:25	vittâ vááijuv pel ohtnubáloh
	
22:26	nelji vááijuv pel ohtnubáloh
	
22:27	kulmâ vááijuv pel ohtnubáloh
	
22:28	kyehti vááijuv pel ohtnubáloh
	
22:29	miinuut vááijuv pel ohtnubáloh
22:29	ohtâ vááijuv pel ohtnubáloh
	
22:30	pel ohtnubáloh
	
22:31	miinuut paijeel pel ohtnubáloh
22:31	ohtâ paijeel pel ohtnubáloh
	
22:32	kyehti paijeel pel ohtnubáloh
	
22:33	kulmâ paijeel pel ohtnubáloh
	
22:34	nelji paijeel pel ohtnubáloh
	
22:35	vittâ paijeel pel ohtnubáloh
	
22:36	kuttâ paijeel pel ohtnubáloh
	
22:37	čiččâm paijeel pel ohtnubáloh
	
22:38	käävci paijeel pel ohtnubáloh
	
22:39	oovce paijeel pel ohtnubáloh
	
22:40	love paijeel pel ohtnubáloh
	
22:41	oovcenubáloh vááijuv ohtnubáloh
	
22:42	käävcinubáloh vááijuv ohtnubáloh
	
22:43	čiččâmnubáloh vááijuv ohtnubáloh
	
22:44	kuttnubáloh vááijuv ohtnubáloh
	
22:45	vaartâ vááijuv ohtnubáloh
	
22:46	neljinubáloh vááijuv ohtnubáloh
	
22:47	kulmânubáloh vááijuv ohtnubáloh
	
22:48	kyehtnubáloh vááijuv ohtnubáloh
	
22:49	ohtnubáloh vááijuv ohtnubáloh
	
22:50	love vááijuv ohtnubáloh
	
22:51	oovce vááijuv ohtnubáloh
	
22:52	käävci vááijuv ohtnubáloh
	
22:53	čiččâm vááijuv ohtnubáloh
	
22:54	kuttâ vááijuv ohtnubáloh
	
22:55	vittâ vááijuv ohtnubáloh
	
22:56	nelji vááijuv ohtnubáloh
	
22:57	kulmâ vááijuv ohtnubáloh
	
22:58	kyehti vááijuv ohtnubáloh
	
22:59	miinuut vááijuv ohtnubáloh
22:59	ohtâ vááijuv ohtnubáloh
	
23:00	ohtnubáloh
	
23:01	miinuut paijeel ohtnubáloh
23:01	ohtâ paijeel ohtnubáloh
	
23:02	kyehti paijeel ohtnubáloh
	
23:03	kulmâ paijeel ohtnubáloh
	
23:04	nelji paijeel ohtnubáloh
	
23:05	vittâ paijeel ohtnubáloh
	
23:06	kuttâ paijeel ohtnubáloh
	
23:07	čiččâm paijeel ohtnubáloh
	
23:08	käävci paijeel ohtnubáloh
	
23:09	oovce paijeel ohtnubáloh
	
23:10	love paijeel ohtnubáloh
	
23:11	ohtnubáloh paijeel ohtnubáloh
	
23:12	kyehtnubáloh paijeel ohtnubáloh
	
23:13	kulmânubáloh paijeel ohtnubáloh
	
23:14	neljinubáloh paijeel ohtnubáloh
	
23:15	vaartâ paijeel ohtnubáloh
	
23:16	kuttnubáloh paijeel ohtnubáloh
	
23:17	čiččâmnubáloh paijeel ohtnubáloh
	
23:18	käävcinubáloh paijeel ohtnubáloh
	
23:19	oovcenubáloh paijeel ohtnubáloh
	
23:20	love vááijuv pel kyehtnubáloh
	
23:21	oovce vááijuv pel kyehtnubáloh
	
23:22	käävci vááijuv pel kyehtnubáloh
	
23:23	čiččâm vááijuv pel kyehtnubáloh
	
23:24	kuttâ vááijuv pel kyehtnubáloh
	
23:25	vittâ vááijuv pel kyehtnubáloh
	
23:26	nelji vááijuv pel kyehtnubáloh
	
23:27	kulmâ vááijuv pel kyehtnubáloh
	
23:28	kyehti vááijuv pel kyehtnubáloh
	
23:29	miinuut vááijuv pel kyehtnubáloh
23:29	ohtâ vááijuv pel kyehtnubáloh
	
23:30	pel kyehtnubáloh
	
23:31	miinuut paijeel pel kyehtnubáloh
23:31	ohtâ paijeel pel kyehtnubáloh
	
23:32	kyehti paijeel pel kyehtnubáloh
	
23:33	kulmâ paijeel pel kyehtnubáloh
	
23:34	nelji paijeel pel kyehtnubáloh
	
23:35	vittâ paijeel pel kyehtnubáloh
	
23:36	kuttâ paijeel pel kyehtnubáloh
	
23:37	čiččâm paijeel pel kyehtnubáloh
	
23:38	käävci paijeel pel kyehtnubáloh
	
23:39	oovce paijeel pel kyehtnubáloh
	
23:40	love paijeel pel kyehtnubáloh
	
23:41	oovcenubáloh vááijuv kyehtnubáloh
	
23:42	käävcinubáloh vááijuv kyehtnubáloh
	
23:43	čiččâmnubáloh vááijuv kyehtnubáloh
	
23:44	kuttnubáloh vááijuv kyehtnubáloh
	
23:45	vaartâ vááijuv kyehtnubáloh
	
23:46	neljinubáloh vááijuv kyehtnubáloh
	
23:47	kulmânubáloh vááijuv kyehtnubáloh
	
23:48	kyehtnubáloh vááijuv kyehtnubáloh
	
23:49	ohtnubáloh vááijuv kyehtnubáloh
	
23:50	love vááijuv kyehtnubáloh
	
23:51	oovce vááijuv kyehtnubáloh
	
23:52	käävci vááijuv kyehtnubáloh
	
23:53	čiččâm vááijuv kyehtnubáloh
	
23:54	kuttâ vááijuv kyehtnubáloh
	
23:55	vittâ vááijuv kyehtnubáloh
	
23:56	nelji vááijuv kyehtnubáloh
	
23:57	kulmâ vááijuv kyehtnubáloh
	
23:58	kyehti vááijuv kyehtnubáloh
	
23:59	miinuut vááijuv kyehtnubáloh
23:59	ohtâ vááijuv kyehtnubáloh
	
00:00	kyehtnubáloh
